fixed acidity,volatile acidity,citric acid,residual sugar,chlorides,free sulfur dioxide,total sulfur dioxide,density,pH,sulphates,alcohol,quality
6.8,0.43,0.26,5.2,0.043,40,176,0.99116,3.17,0.41,12.3,6
6.1,0.37,0.46,12,0.042,61,210,0.997,3.17,0.59,9.7,6
7.9,0.14,0.74,1.2,0.028,30,165,0.991,3.08,0.82,12.3,6
6.9,0.3,0.36,0.9,0.037,40,156,0.98968,3.08,0.36,12.1,6
7.0,0.21,0.28,8.7,0.045,37,222,0.9954,3.25,0.54,10.4,6
7.3,0.25,0.36,13.1,0.05,35,200,0.9986,3.04,0.46,8.9,7
8.2,0.31,0.43,7,0.047,18,87,0.99628,3.23,0.64,10.6,5
7.6,0.36,0.49,11.3,0.046,87,221,0.9984,3.01,0.43,9.2,5
6.8,0.22,0.37,15.2,0.051,68,178,0.99935,3.4,0.85,9.3,6
5.5,0.34,0.26,2.2,0.021,31,119,0.98919,3.55,0.49,13.0,8
6.5,0.24,0.36,2.2,0.027,36,134,0.9898,3.28,0.36,12.5,7
7.5,0.32,0.49,1.7,0.031,44,109,0.9906,3.07,0.46,12.5,6
7.6,0.2,0.68,12.9,0.042,56,160,0.99841,3.05,0.41,8.7,5
4.8,0.13,0.32,1.2,0.042,40,98,0.9898,3.42,0.64,11.8,7
5.3,0.31,0.38,10.5,0.031,53,140,0.99321,3.34,0.46,11.7,6
7.8,0.32,0.33,2.4,0.037,18,101,0.9912,3.21,0.65,11.7,7
7.7,0.44,0.24,11.2,0.031,41,167,0.9948,3.12,0.43,11.3,7
6.8,0.24,0.34,4.6,0.032,37,135,0.9927,3.2,0.39,10.6,5
5.8,0.26,0.29,1,0.042,35,101,0.99044,3.36,0.48,11.4,7
7.3,0.27,0.39,6.7,0.064,28,188,0.9958,3.29,0.3,9.7,5
6.9,0.4,0.17,12.9,0.033,59,186,0.99754,3.08,0.49,9.4,5
9.1,0.28,0.49,2,0.059,10,112,0.9958,3.15,0.46,10.1,5
5.9,0.26,0.21,12.5,0.034,36,152,0.9972,3.28,0.43,9.5,6
6.6,0.28,0.41,7,0.046,59,194,0.99558,3.14,0.48,9.4,5
6.8,0.21,0.4,6.3,0.032,40,121,0.99214,3.18,0.53,12.0,7
6.6,0.19,0.33,1.8,0.035,42,148,0.99196,3.15,0.36,10.2,5
9.1,0.33,0.38,1.7,0.062,50.5,344,0.9958,3.1,0.7,9.5,5
8.1,0.19,0.58,16.65,0.049,48,181,1.0006,3.2,0.62,9.1,6
8.3,0.15,0.39,1.3,0.055,32,146,0.993,3.08,0.39,10.5,6
7.2,0.15,0.39,1.8,0.043,21,159,0.9948,3.52,0.47,10.0,5
6.8,0.3,0.27,11.6,0.028,22,97,0.99314,2.96,0.38,11.7,6
7.2,0.22,0.24,1.4,0.041,17,159,0.99196,3.25,0.53,11.2,6
6.1,0.32,0.24,1.5,0.036,38,124,0.9898,3.29,0.42,12.4,7
6.9,0.27,0.49,23.5,0.057,59,235,1.0024,2.98,0.47,8.6,5
6.5,0.36,0.31,13.55,0.053,20,113,0.99544,3.2,0.56,11.0,6
4.9,0.33,0.31,1.2,0.016,39,150,0.98713,3.33,0.59,14.0,8
7.6,0.27,0.25,13.9,0.05,45,199,0.9984,3.34,0.5,9.8,6
6.6,0.3,0.74,4.6,0.041,36,159,0.9946,3.21,0.45,9.9,5
6.7,0.27,0.3,13.9,0.029,34,131,0.9953,3.36,0.5,12.0,7
8.3,0.22,0.34,1.1,0.043,20,116,0.9927,3.0,0.47,10.2,6
6.6,0.23,0.37,8.5,0.036,46,153,0.99576,3.2,0.48,9.4,6
5.9,0.37,0.3,1.5,0.033,35,95,0.98986,3.36,0.56,12.0,7
8.3,0.27,0.34,10.2,0.048,50,118,0.99716,3.18,0.51,10.3,5
6.6,0.15,0.34,1,0.037,45,79,0.98949,2.96,0.5,11.7,6
7.6,0.22,0.34,9.7,0.035,26,143,0.9965,3.08,0.49,9.8,6
6.8,0.21,0.55,14.6,0.053,34,159,0.99805,2.93,0.44,9.2,5
6.6,0.24,0.35,7.7,0.031,36,135,0.9938,3.19,0.37,10.5,5
7.5,0.4,1.0,19.5,0.041,33,148,0.9977,3.24,0.38,12.0,6
5.9,0.42,0.36,2.4,0.034,19,77,0.99184,3.25,0.48,10.9,5
6.7,0.25,0.33,2.9,0.057,52,173,0.9934,3.02,0.48,9.5,7
5.6,0.245,0.25,9.7,0.032,12,68,0.994,3.31,0.34,10.5,5
7.0,0.39,0.31,5.3,0.169,32,162,0.9965,3.2,0.48,9.4,5
6.7,0.39,0.24,2.7,0.017,22,80,0.99084,3.03,0.37,11.5,5
6.1,0.27,0.28,9.8,0.042,61,125,0.99532,3.14,0.42,10.2,6
6.0,0.22,0.28,1.1,0.034,47,90,0.98862,3.22,0.38,12.6,6
7.7,0.42,0.38,8.1,0.061,49,144,0.9966,3.4,0.58,11.0,6
5.7,0.21,0.25,1.1,0.035,26,81,0.9902,3.31,0.52,11.4,6
7.4,0.41,0.34,4.7,0.042,19,127,0.9953,3.25,0.42,10.4,5
7.1,0.28,0.26,2.8,0.039,50,118,0.9908,3.06,0.59,11.2,6
6.4,0.25,0.33,1.4,0.04,42,115,0.9906,3.19,0.48,11.3,7
7.0,0.28,0.33,14.6,0.043,47,168,0.9994,3.34,0.67,8.8,6
6.2,0.39,0.24,4.8,0.037,45,138,0.99174,3.23,0.43,11.2,7
7.0,0.22,0.39,2.1,0.055,39,198,0.9951,3.52,0.54,10.2,6
6.4,0.24,0.49,5.8,0.053,25,120,0.9942,3.01,0.98,10.5,6
7.3,0.23,0.34,9.3,0.052,19,86,0.99574,3.04,0.56,10.0,5
6.7,0.54,0.28,5.4,0.06,21,105,0.9949,3.27,0.37,9.0,5
5.4,0.27,0.22,4.6,0.022,29,107,0.98889,3.33,0.54,13.8,6
5.5,0.14,0.27,4.6,0.029,22,104,0.9949,3.34,0.44,9.0,5
8.8,0.2,0.43,15,0.053,60,184,1.0008,3.28,0.79,8.8,6
7.5,0.14,0.34,1.3,0.055,50,153,0.9945,3.29,0.8,9.6,6
5.6,0.185,0.19,7.1,0.048,36,110,0.99438,3.26,0.41,9.5,6
7.0,0.23,0.36,13,0.051,72,177,0.9972,3.16,0.49,9.8,5
6.5,0.26,0.39,1.4,0.02,12,66,0.99089,3.25,0.75,11.3,7
7.8,0.25,0.34,13.7,0.044,66,184,0.99976,3.22,0.75,8.9,5
6.8,0.31,0.3,8,0.028,33,122,0.99164,3.13,0.63,12.6,7
6.6,0.28,0.23,10.4,0.049,45,190,0.99754,3.12,0.51,8.8,5
6.8,0.28,0.35,2.3,0.042,16,85,0.9906,3.19,0.56,12.4,6
6.8,0.28,0.4,22,0.048,48,167,1.001,2.93,0.5,8.7,5
5.2,0.16,0.34,0.8,0.029,26,77,0.99155,3.25,0.51,10.1,6
7.0,0.21,0.31,6,0.046,29,108,0.9939,3.26,0.5,10.8,6
7.4,0.32,0.22,11.7,0.035,44,150,0.99578,3.1,0.45,10.4,5
6.2,0.37,0.24,6.1,0.032,19,86,0.98934,3.04,0.26,13.4,8
7.0,0.39,0.21,10.7,0.098,13,91,0.99657,3.03,0.47,9.3,5
8.3,0.2,0.49,1.7,0.04,34,169,0.9938,3.05,0.37,10.1,5
6.9,0.4,0.56,11.2,0.043,40,142,0.9975,3.14,0.46,8.7,5
6.3,0.27,0.25,5.8,0.038,52,155,0.995,3.28,0.38,9.4,6
6.2,0.22,0.49,6,0.029,31,128,0.9928,3.41,0.36,11.3,8
6.9,0.25,0.35,1.3,0.039,29,191,0.9908,3.13,0.52,11.0,6
5.5,0.12,0.33,1,0.038,23,131,0.99164,3.25,0.45,9.8,5
6.2,0.31,0.21,6.3,0.041,50,218,0.9941,3.15,0.6,10.0,5
9.5,0.21,0.47,1.3,0.039,21,123,0.9959,2.9,0.64,9.5,5
5.3,0.43,0.11,1.1,0.029,6,51,0.99076,3.51,0.48,11.2,4
7.0,0.23,0.32,1.8,0.048,25,113,0.9915,3.11,0.47,11.1,6
8.1,0.17,0.44,14.1,0.053,43,145,1.0006,3.28,0.75,8.8,8
7.4,0.28,0.25,11.9,0.053,25,148,0.9976,3.1,0.62,9.2,5
6.3,0.26,0.25,5.2,0.046,11,133,0.99202,2.97,0.68,11.0,6
5.9,0.29,0.33,7.4,0.037,58,205,0.99495,3.26,0.41,9.6,5
8.1,0.28,0.49,1,0.04,32,148,0.9936,3.13,0.41,10.0,6
7.3,0.28,0.37,1.2,0.039,26,99,0.99198,3.01,0.62,10.8,5
5.8,0.13,0.22,12.7,0.058,24,183,0.9956,3.32,0.42,11.7,6
6.9,0.4,0.56,11.2,0.043,40,142,0.9975,3.14,0.46,8.7,5
7.7,0.3,0.42,14.3,0.045,45,213,0.9991,3.18,0.63,9.2,5
7.8,0.39,0.26,9.9,0.059,33,181,0.9955,3.04,0.42,10.9,6
7.5,0.26,0.31,1.6,0.032,36,109,0.99044,2.97,0.43,11.9,6
7.4,0.24,0.4,4.3,0.032,9,95,0.992,3.09,0.39,11.1,6
6.8,0.27,0.22,17.8,0.034,16,116,0.9989,3.07,0.53,9.2,5
8.6,0.18,0.4,1.1,0.04,20,107,0.9923,2.94,0.32,10.2,7
7.9,0.44,0.26,4.45,0.033,23,100,0.99117,3.17,0.52,12.7,6
6.3,0.23,0.21,5.1,0.035,29,142,0.9942,3.36,0.33,10.1,7
6.3,0.17,0.32,4.2,0.04,37,117,0.99182,3.24,0.43,11.3,6
7.5,0.34,0.28,4,0.028,46,100,0.98958,3.2,0.5,13.2,7
7.5,0.42,0.14,10.7,0.046,18,95,0.9959,3.22,0.33,10.7,5
7.3,0.4,0.28,6.5,0.037,26,97,0.99148,3.16,0.58,12.6,7
7.2,0.33,0.34,2,0.044,61,171,0.98947,3.25,0.53,13.3,7
6.4,0.31,0.28,1.5,0.037,12,119,0.9919,3.32,0.51,10.4,7
6.4,0.5,0.2,2.4,0.059,19,112,0.99314,3.18,0.4,9.2,6
7.6,0.36,0.48,13.5,0.038,44,116,0.9982,3.04,0.48,9.2,5
7.1,0.37,0.3,6.2,0.04,49,139,0.99021,3.17,0.27,13.6,6
5.5,0.19,0.27,0.9,0.04,52,103,0.99026,3.5,0.39,11.2,5
8.0,0.3,0.36,11,0.034,8,70,0.99354,3.05,0.41,12.2,6
6.5,0.22,0.32,2.2,0.028,36,92,0.99076,3.27,0.59,11.9,7
6.8,0.23,0.29,12.2,0.035,38,236,0.9976,3.35,0.52,9.8,6
7.2,0.13,0.46,1.3,0.044,48,111,0.99127,2.97,0.45,11.1,5
6.3,0.25,0.23,14.9,0.039,47,142,0.99705,3.14,0.35,9.7,6
8.2,0.4,0.48,13.7,0.042,59,169,0.9986,3.1,0.52,9.4,5
7.2,0.29,0.4,7.6,0.024,56,177,0.9928,3.04,0.32,11.5,6
7.5,0.28,0.33,7.7,0.048,42,180,0.9974,3.37,0.59,10.1,6
6.7,0.39,0.31,2.7,0.054,27,202,0.9948,3.46,0.57,10.5,6
7.1,0.32,0.24,13.1,0.05,52,204,0.998,3.1,0.49,8.8,5
8.5,0.25,0.31,2.8,0.032,11,61,0.99189,3.06,0.44,11.5,6
6.8,0.22,0.31,6.3,0.035,33,170,0.9918,3.24,0.66,12.6,6
5.3,0.58,0.07,6.9,0.043,34,149,0.9944,3.34,0.57,9.7,5
6.8,0.19,0.71,17.5,0.042,21,114,0.99784,2.85,0.5,9.5,6
7.0,0.14,0.32,9,0.039,54,141,0.9956,3.22,0.43,9.4,6
6.8,0.17,0.32,1.4,0.04,35,106,0.99026,3.16,0.66,12.0,5
7.8,0.32,0.33,10.4,0.031,47,194,0.99692,3.07,0.58,9.6,6
8.4,0.35,0.56,13.8,0.048,55,190,0.9993,3.07,0.58,9.4,6
8.4,0.27,0.46,8.7,0.048,39,197,0.9974,3.14,0.59,9.6,6
6.4,0.5,0.16,12.9,0.042,26,138,0.9974,3.28,0.33,9.0,5
7.3,0.17,0.24,8.1,0.121,32,162,0.99508,3.17,0.38,10.4,8
7.5,0.24,0.31,13.1,0.05,26,180,0.99884,3.05,0.53,9.1,6
6.2,0.28,0.45,7.5,0.045,46,203,0.99573,3.26,0.46,9.2,6
6.4,0.41,0.01,6.1,0.048,20,70,0.99362,3.19,0.42,10.0,5
6.3,0.22,0.33,1.7,0.041,67,164,0.9928,3.32,0.56,10.4,6
5.5,0.42,0.09,1.6,0.019,18,68,0.9906,3.33,0.51,11.4,7
5.8,0.19,0.33,4.2,0.038,49,133,0.99107,3.16,0.42,11.3,7
8.0,0.17,0.29,2.4,0.029,52,119,0.98944,3.03,0.33,12.9,6
6.7,0.44,0.22,4.3,0.032,19,99,0.99015,3.26,0.53,12.8,7
7.8,0.42,0.26,9.2,0.058,34,199,0.9972,3.14,0.55,9.3,6
6.8,0.29,0.22,3.4,0.035,40,122,0.99024,3.09,0.47,12.3,6
8.0,0.61,0.38,12.1,0.301,24,220,0.9993,2.94,0.48,9.2,5
6.9,0.49,0.24,1.2,0.049,13,125,0.9932,3.17,0.51,9.4,5
6.3,0.29,0.23,14.2,0.037,24,99,0.99528,3.08,0.38,10.6,6
6.8,0.25,0.29,2,0.042,19,189,0.9952,3.46,0.54,10.2,6
7.6,0.22,0.34,9.7,0.035,26,143,0.9965,3.08,0.49,9.8,6
6.8,0.32,0.34,1.2,0.044,14,67,0.9919,3.05,0.47,10.6,4
7.0,0.13,0.37,12.85,0.042,36,105,0.99581,3.05,0.55,10.7,6
6.4,0.18,0.32,9.6,0.052,24,90,0.9963,3.35,0.49,9.4,6
7.1,0.17,0.43,1.3,0.023,33,132,0.99067,3.11,0.56,11.7,6
5.4,0.59,0.07,7,0.045,36,147,0.9944,3.34,0.57,9.7,6
6.7,0.21,0.34,1.5,0.035,45,123,0.98949,3.24,0.36,12.6,7
7.5,0.28,0.41,1.3,0.044,11,126,0.99293,3.28,0.45,10.3,5
6.8,0.22,0.24,4.9,0.092,30,123,0.9951,3.03,0.46,8.6,6
7.2,0.26,0.24,7,0.023,19,130,0.99176,3.14,0.49,12.8,7
6.9,0.22,0.32,5.8,0.041,20,119,0.99296,3.17,0.55,11.2,6
6.5,0.32,0.45,7.7,0.022,31,97,0.99134,3.2,0.7,12.7,7
7.8,0.34,0.27,1.2,0.04,25,106,0.9932,3.01,0.55,10.4,5
8.8,0.36,0.44,1.9,0.04,9,121,0.9953,3.19,0.48,9.9,6
7.9,0.21,0.39,2,0.057,21,138,0.99176,3.05,0.52,10.9,5
5.7,0.26,0.24,17.8,0.059,23,124,0.99773,3.3,0.5,10.1,5
7.9,0.33,0.26,1.2,0.044,23,103,0.9932,3.19,0.54,10.5,6
7.1,0.43,0.61,11.8,0.045,54,155,0.9974,3.11,0.45,8.7,5
6.9,0.35,0.74,1,0.044,18,132,0.992,3.13,0.55,10.2,5
7.1,0.23,0.24,5.4,0.039,60,196,0.9948,3.19,0.78,10.0,4
6.9,0.33,0.26,5,0.027,46,143,0.9924,3.25,0.43,11.2,7
6.8,0.14,0.35,1.5,0.047,40,117,0.99111,3.07,0.72,11.1,6
6.0,0.14,0.37,1.2,0.032,63,148,0.99185,3.32,0.44,11.2,5
6.4,0.16,0.42,1,0.036,29,113,0.9908,3.18,0.52,11.0,6
7.3,0.2,0.44,1.4,0.045,21,98,0.9924,3.15,0.46,10.0,7
6.7,0.17,0.42,10.4,0.038,85,182,0.99628,3.04,0.44,8.9,6
6.7,0.25,0.26,13.5,0.06,50,156,0.99784,3.39,0.46,9.9,6
6.2,0.21,0.28,5.7,0.028,45,121,0.99168,3.21,1.08,12.15,7
6.3,0.22,0.28,2.4,0.042,38,102,0.98998,3.14,0.37,11.6,7
8.2,0.32,0.26,2.1,0.062,26,87,0.98974,3.1,0.47,12.8,6
6.6,0.3,0.45,8,0.038,54,200,0.9956,3.18,0.48,9.5,5
6.1,0.255,0.44,12.3,0.045,53,197,0.9967,3.24,0.54,9.5,6
7.0,0.17,0.31,4.8,0.034,34,132,0.9944,3.36,0.48,9.6,7
6.1,0.41,0.24,1.6,0.049,16,137,0.993,3.32,0.5,10.4,6
6.9,0.25,0.33,1.2,0.035,35,158,0.99082,3.02,0.58,11.3,6
6.4,0.26,0.24,6.4,0.04,27,124,0.9903,3.22,0.49,12.6,7
5.9,0.62,0.28,3.5,0.039,55,152,0.9907,3.44,0.44,12.0,6
8.5,0.24,0.39,10.4,0.044,20,142,0.9974,3.2,0.53,10.0,6
6.4,0.27,0.32,4.5,0.24,61,174,0.9948,3.12,0.48,9.4,5
6.7,0.2,0.3,1.4,0.025,17,76,0.99104,3.11,0.44,11.0,6
6.9,0.32,0.13,7.8,0.042,11,117,0.996,3.23,0.37,9.2,5
5.6,0.16,0.27,1.4,0.044,53,168,0.9918,3.28,0.37,10.1,6
8.5,0.15,0.49,1.5,0.031,17,122,0.9932,3.03,0.4,10.3,6
6.6,0.24,0.22,12.3,0.051,35,146,0.99676,3.1,0.67,9.4,5
7.0,0.24,0.35,1,0.032,42,104,0.98988,3.16,0.37,11.7,7
6.7,0.28,0.28,4.5,0.051,14,92,0.99224,3.36,0.58,11.9,6
8.5,0.17,0.74,3.6,0.05,29,128,0.9928,3.28,0.4,12.4,6
7.2,0.19,0.31,1.4,0.046,37,135,0.9939,3.34,0.57,10.2,7
8.1,0.26,0.3,7.8,0.049,39,152,0.9954,2.99,0.58,10.0,6
7.7,0.3,0.34,1.2,0.048,4,119,0.99084,3.18,0.34,12.1,6
7.1,0.2,0.27,9.6,0.037,19,105,0.99444,3.04,0.37,10.5,7
8.3,0.36,0.57,15,0.052,35,256,1.0001,2.93,0.64,8.6,5
5.5,0.35,0.35,1.1,0.045,14,167,0.992,3.34,0.68,9.9,6
7.5,0.26,0.59,11.8,0.046,58,164,0.99814,3.17,0.46,8.9,4
6.6,0.34,0.34,2.6,0.051,40.5,210,0.99314,3.15,0.61,10.0,5
7.6,0.29,0.42,1.3,0.035,18,86,0.9908,2.99,0.39,11.3,5
6.5,0.33,0.3,3.8,0.036,34,88,0.99028,3.25,0.63,12.5,7
7.9,0.14,0.45,1.8,0.05,17,114,0.9948,3.33,0.49,10.7,7
6.6,0.31,0.38,16.05,0.058,16,165,0.9997,3.38,0.6,9.2,5
7.3,0.32,0.25,7.2,0.056,47,180,0.9961,3.08,0.47,8.8,5
7.9,0.22,0.38,8,0.043,46,152,0.9934,3.12,0.32,11.5,7
6.8,0.39,0.35,11.6,0.044,57,220,0.99775,3.07,0.53,9.3,5
6.8,0.32,0.34,6,0.05,5,129,0.9953,3.19,0.4,9.1,5
6.6,0.25,0.31,12.4,0.059,52,181,0.9984,3.51,0.47,9.8,6
6.0,0.29,0.2,12.6,0.045,45,187,0.9972,3.33,0.42,9.5,5
5.9,0.655,0.0,5.6,0.033,8,31,0.9936,3.32,0.51,10.5,4
8.3,0.33,0.43,9.2,0.046,22,126,0.9982,3.38,0.47,9.3,5
6.6,0.26,0.28,9.4,0.028,13,121,0.99254,3.17,0.34,12.1,6
6.5,0.33,0.72,1.1,0.061,7,151,0.993,3.09,0.57,9.5,4
6.9,0.33,0.21,1,0.053,39,148,0.9927,3.12,0.45,9.4,6
7.2,0.22,0.28,7.2,0.06,41,132,0.9935,3.08,0.59,11.3,6
6.7,0.28,0.31,7.4,0.041,7,81,0.99254,3.04,0.47,11.4,8
6.6,0.29,0.39,6.75,0.031,22,98,0.9913,3.15,0.8,12.9,7
6.2,0.36,0.22,5.25,0.038,44,145,0.99184,3.22,0.4,11.2,6
5.6,0.21,0.4,1.3,0.041,81,147,0.9901,3.22,0.95,11.6,8
7.5,0.24,0.31,13.1,0.05,26,180,0.99884,3.05,0.53,9.1,6
6.6,0.25,0.36,8.1,0.045,54,180,0.9958,3.08,0.42,9.2,5
7.0,0.14,0.41,0.9,0.037,22,95,0.9914,3.25,0.43,10.9,6
8.4,0.18,0.42,5.1,0.036,7,77,0.9939,3.16,0.52,11.7,5
7.2,0.27,0.27,2.4,0.048,30,149,0.9936,3.1,0.51,9.2,6
6.2,0.18,0.38,1.5,0.028,36,117,0.993,3.47,0.54,9.7,6
5.8,0.32,0.23,1.5,0.033,39,121,0.9887,2.96,0.35,12.0,5
7.8,0.42,0.23,8.8,0.054,42,215,0.9971,3.02,0.58,9.2,6
6.0,0.25,0.28,2.2,0.026,54,126,0.9898,3.43,0.65,12.9,8
8.2,0.38,0.49,13.6,0.042,58,166,0.99855,3.1,0.54,9.4,5
7.4,0.16,0.3,13.7,0.056,33,168,0.99825,2.9,0.44,8.7,7
6.4,0.33,0.31,5.5,0.048,42,173,0.9951,3.19,0.66,9.3,6
6.3,0.27,0.51,7.6,0.049,35,200,0.99548,3.16,0.54,9.4,4
6.4,0.24,0.26,8.2,0.054,47,182,0.99538,3.12,0.5,9.5,5
7.3,0.25,0.29,7.5,0.049,38,158,0.9965,3.43,0.38,9.6,5
5.4,0.17,0.27,2.7,0.049,28,104,0.99224,3.46,0.55,10.3,6
8.4,0.36,0.36,11.1,0.032,21,132,0.99313,2.95,0.39,13.0,6
7.4,0.19,0.31,14.5,0.045,39,193,0.9986,3.1,0.5,9.2,6
7.8,0.18,0.46,13.6,0.052,38,118,0.998,3.15,0.5,10.0,6
6.6,0.28,0.09,10.9,0.051,37,131,0.99566,2.93,0.62,9.5,6
7.7,0.34,0.28,11,0.04,31,117,0.99815,3.27,0.29,9.2,6
7.0,0.24,0.32,1.3,0.037,39,123,0.992,3.17,0.42,11.2,8
6.6,0.21,0.49,18.15,0.042,41,158,0.9997,3.28,0.39,8.7,6
6.4,0.24,0.27,1.5,0.04,35,105,0.98914,3.13,0.3,12.4,6
5.3,0.3,0.16,4.2,0.029,37,100,0.9905,3.3,0.36,11.8,8
8.5,0.16,0.35,1.6,0.039,24,147,0.9935,2.96,0.36,10.0,5
6.7,0.42,0.39,12.1,0.04,61,248,0.99794,3.31,0.58,9.7,5
5.9,0.36,0.41,1.3,0.047,45,104,0.9917,3.33,0.51,10.6,6
5.1,0.35,0.26,6.8,0.034,36,120,0.99188,3.38,0.4,11.5,6
8.1,0.2,0.4,2,0.037,19,87,0.9921,3.12,0.54,11.2,6
7.9,0.35,0.28,12.9,0.032,13,63,0.9932,2.99,0.43,13.0,6
7.7,0.25,0.3,7.8,0.038,67,196,0.99555,3.1,0.5,10.1,5
6.6,0.19,0.28,11.8,0.042,54,137,0.99492,3.18,0.37,10.8,6
7.0,0.34,0.26,10.3,0.041,51,166,0.99382,3.08,0.35,11.6,6
7.6,0.51,0.24,1.2,0.04,10,104,0.992,3.05,0.29,10.8,6
7.3,0.22,0.37,14.3,0.063,48,191,0.9978,2.89,0.38,9.0,6
6.7,0.18,0.37,1.3,0.027,42,125,0.98939,3.24,0.37,12.8,7
6.5,0.52,0.17,1.4,0.047,5,26,0.9932,3.26,0.32,10.0,4
6.2,0.41,0.22,1.9,0.023,5,56,0.98928,3.04,0.79,13.0,7
6.7,0.25,0.13,1.2,0.041,81,174,0.992,3.14,0.42,9.8,5
7.2,0.2,0.31,10,0.054,49,165,0.997,3.4,0.42,9.9,6
6.4,0.475,0.06,1,0.03,9,131,0.9904,2.97,0.29,10.8,5
6.5,0.29,0.52,1.7,0.034,41,193,0.99223,3.25,0.59,10.4,6
6.8,0.26,0.22,4.8,0.041,110,198,0.99437,3.29,0.67,10.6,5
6.7,0.47,0.34,8.9,0.043,31,172,0.9964,3.22,0.6,9.2,5
6.2,0.37,0.3,6.6,0.346,79,200,0.9954,3.29,0.58,9.6,5
7.2,0.24,0.3,1.6,0.048,27,131,0.9933,3.25,0.45,10.5,5
6.8,0.27,0.29,4.6,0.046,6,88,0.99458,3.34,0.48,10.6,4
7.0,0.45,0.34,19.8,0.04,12,67,0.9976,3.07,0.38,11.0,6
9.7,0.24,0.49,4.9,0.032,3,18,0.99368,2.85,0.54,10.0,6
7.8,0.15,0.24,7.7,0.047,21,98,0.9951,2.94,0.31,9.6,6
6.1,0.27,0.43,7.5,0.049,65,243,0.9957,3.12,0.47,9.0,5
7.4,0.32,0.55,16.6,0.056,53,238,1.0017,2.96,0.58,8.7,6
6.2,0.39,0.24,4.8,0.037,45,138,0.99174,3.23,0.43,11.2,7
5.6,0.18,0.58,1.25,0.034,29,129,0.98984,3.51,0.6,12.0,7
6.7,0.24,0.36,8.4,0.042,42,123,0.99473,3.34,0.52,10.9,6
6.8,0.16,0.4,2.3,0.037,18,102,0.9923,3.49,0.42,11.4,7
6.9,0.29,0.25,12.2,0.04,29,136,0.99552,3.05,0.65,10.4,6
6.5,0.18,0.31,1.7,0.044,30,127,0.9928,3.49,0.5,10.2,7
5.2,0.2,0.27,3.2,0.047,16,93,0.99235,3.44,0.53,10.1,7
6.7,0.27,0.25,8,0.053,54,202,0.9961,3.22,0.43,9.3,5
5.2,0.405,0.15,1.45,0.038,10,44,0.99125,3.52,0.4,11.6,4
6.3,0.28,0.29,6.8,0.051,40,143,0.99374,3.43,0.59,11.0,6
6.8,0.23,0.42,7.4,0.044,56,189,0.9958,3.22,0.48,9.3,6
8.2,0.23,0.4,7.5,0.049,12,76,0.9966,3.06,0.84,9.7,6
6.9,0.75,0.13,6.3,0.036,19,50,0.99312,3.09,0.25,11.1,4
6.2,0.23,0.36,17.2,0.039,37,130,0.99946,3.23,0.43,8.8,6
7.0,0.32,0.24,6.2,0.048,31,228,0.9957,3.23,0.62,9.4,6
8.4,0.28,0.4,8.9,0.048,33,146,0.9988,3.4,0.46,9.3,5
6.9,0.3,0.3,10.55,0.037,4,28,0.99184,3.07,0.32,12.7,6
6.3,0.3,0.28,5,0.042,36,168,0.99505,3.22,0.69,9.5,6
7.0,0.16,0.26,7.3,0.047,30,220,0.99622,3.38,0.58,10.1,6
6.7,0.15,0.32,7.9,0.034,17,81,0.99512,3.29,0.31,10.0,6
6.6,0.27,0.41,1.3,0.052,16,142,0.9951,3.42,0.47,10.0,6
5.5,0.32,0.45,4.9,0.028,25,191,0.9922,3.51,0.49,11.5,7
6.7,0.24,0.26,12.6,0.053,44,182,0.99802,3.42,0.42,9.7,5
5.4,0.29,0.47,3,0.052,47,145,0.993,3.29,0.75,10.0,6
6.5,0.35,0.36,0.8,0.034,32,111,0.98942,3.11,0.5,12.1,8
6.3,0.28,0.3,3.1,0.039,24,115,0.9942,3.05,0.43,8.6,5
6.4,0.34,0.23,6.3,0.039,37,143,0.9944,3.19,0.65,10.0,6
6.5,0.27,0.26,8.2,0.042,21,133,0.99612,3.43,0.64,9.8,6
7.4,0.19,0.3,12.8,0.053,48.5,229,0.9986,3.14,0.49,9.1,7
6.9,0.23,0.35,6.9,0.03,45,116,0.99244,2.8,0.54,11.0,6
6.5,0.28,0.27,5.2,0.04,44,179,0.9948,3.19,0.69,9.4,6
7.4,0.2,0.36,1.2,0.038,44,111,0.9926,3.36,0.34,9.9,6
5.7,0.36,0.21,6.7,0.038,51,166,0.9941,3.29,0.63,10.0,6
7.1,0.25,0.28,1.6,0.052,46,169,0.9926,3.05,0.41,10.5,5
6.6,0.22,0.35,1.4,0.05,23,83,0.99019,3.17,0.48,12.0,7
6.0,0.28,0.34,1.6,0.119,33,104,0.9921,3.19,0.38,10.2,6
6.0,0.34,0.66,15.9,0.046,26,164,0.9979,3.14,0.5,8.8,6
7.2,0.16,0.35,1.2,0.031,27,84,0.9928,3.33,0.34,9.9,5
6.4,0.24,0.25,20.2,0.083,35,157,0.99976,3.17,0.5,9.1,5
5.8,0.28,0.66,9.1,0.039,26,159,0.9965,3.66,0.55,10.8,5
6.6,0.2,0.14,4.4,0.184,35,168,0.99396,2.93,0.45,9.4,6
7.2,0.47,0.65,8.3,0.083,27,182,0.9964,3.0,0.35,9.2,5
6.6,0.54,0.21,16.3,0.055,41,182,0.9986,3.35,0.54,10.4,6
6.6,0.23,0.18,8.5,0.044,59,188,0.99558,3.16,0.49,9.5,5
5.0,0.255,0.22,2.7,0.043,46,153,0.99238,3.75,0.76,11.3,6
7.0,0.11,0.32,4.6,0.057,59,144,0.9956,3.55,0.44,9.4,7
6.8,0.22,0.3,13.6,0.055,50,180,0.9984,3.44,0.39,9.8,5
6.3,0.4,0.24,5.1,0.036,43,131,0.99186,3.24,0.44,11.3,6
6.2,0.3,0.42,2.2,0.036,28,128,0.9901,3.13,0.38,11.6,6
6.6,0.27,0.25,3.1,0.052,41,188,0.9915,3.24,0.4,11.3,5
6.4,0.18,0.74,11.9,0.046,54,168,0.9978,3.58,0.68,10.1,5
6.3,0.34,0.27,2.5,0.024,40,152,0.99095,3.35,0.6,11.9,7
7.4,0.35,0.24,6,0.042,28,123,0.99304,3.14,0.44,11.3,5
6.3,0.32,0.32,1.5,0.03,24,101,0.98923,3.21,0.42,13.0,5
7.1,0.27,0.31,18.2,0.046,55,252,1,3.07,0.56,8.7,5
6.7,0.31,0.31,4.9,0.031,20,151,0.9926,3.36,0.82,12.0,7
7.1,0.21,0.27,8.6,0.056,26,111,0.9956,2.95,0.52,9.5,5
6.4,0.23,0.35,10.3,0.042,54,140,0.9967,3.23,0.47,9.2,5
6.1,0.34,0.27,2.6,0.024,20,105,0.9906,3.4,0.67,12.2,7
7.8,0.25,0.37,1,0.043,10,80,0.99128,3.08,0.38,11.4,5
6.5,0.33,0.28,6.1,0.018,41,103,0.99122,3.24,0.32,12.2,6
8.0,0.25,0.35,1.1,0.054,13,136,0.99366,3.08,0.55,9.5,5
6.5,0.28,0.34,4.6,0.054,22,130,0.99193,3.2,0.46,12.0,7
6.8,0.23,0.3,6.95,0.044,42,179,0.9946,3.25,0.56,10.6,6
7.5,0.42,0.45,9.1,0.029,20,125,0.996,3.12,0.36,10.1,6
7.6,0.3,0.22,10.2,0.049,57,191,0.9966,3.08,0.4,9.3,6
6.6,0.24,0.35,7.7,0.031,36,135,0.9938,3.19,0.37,10.5,5
6.9,0.24,0.39,1.3,0.063,18,136,0.9928,3.31,0.48,10.4,7
7.8,0.27,0.28,1.8,0.05,21,127,0.9934,3.15,0.44,9.9,5
6.9,0.19,0.35,1.7,0.036,33,101,0.99315,3.21,0.54,10.8,7
6.5,0.27,0.19,6.6,0.045,98,175,0.99364,3.16,0.34,10.1,6
7.3,0.43,0.37,4.6,0.028,17,114,0.991,3.23,0.43,13.2,6
7.3,0.19,0.27,1.6,0.027,35,136,0.99248,3.38,0.54,11.0,7
7.1,0.28,0.19,7.8,0.04,48,184,0.99579,3.16,0.5,9.4,5
7.7,0.31,0.26,7.8,0.031,23,90,0.9944,3.13,0.5,10.4,5
7.2,0.28,0.38,2,0.052,23,156,0.9912,3.13,0.52,11.1,5
6.3,0.24,0.29,13.7,0.035,53,134,0.99567,3.17,0.38,10.6,6
7.1,0.2,0.41,2.1,0.054,24,166,0.9948,3.48,0.62,10.5,6
7.4,0.28,0.5,12.1,0.049,48,122,0.9973,3.01,0.44,9.0,5
7.7,0.3,0.34,1.2,0.048,4,119,0.99084,3.18,0.34,12.1,6
6.1,0.22,0.23,3.1,0.052,15,104,0.9948,3.14,0.42,8.7,5
6.0,0.19,0.29,1.1,0.047,67,152,0.9916,3.54,0.59,11.1,7
7.3,0.25,0.26,7.2,0.048,52,207,0.99587,3.12,0.37,9.2,5
6.9,0.19,0.39,8,0.028,22,84,0.994,3.11,0.66,10.8,6
6.5,0.18,0.41,14.2,0.039,47,129,0.99678,3.28,0.72,10.3,7
7.9,0.37,0.3,2.7,0.029,64,158,0.9916,3.12,0.59,12.0,7
6.5,0.21,0.37,2.5,0.048,70,138,0.9917,3.33,0.75,11.4,7
7.9,0.29,0.39,6.7,0.036,6,117,0.9938,3.12,0.42,10.7,5
6.7,0.27,0.31,15.7,0.036,44,179,0.9979,3.26,0.56,9.6,5
6.9,0.19,0.31,19.25,0.043,38,167,0.99954,2.93,0.52,9.1,7
7.5,0.2,0.47,16.9,0.052,51,188,0.99944,3.09,0.62,9.3,5
6.3,0.19,0.29,5.5,0.042,44,189,0.99304,3.19,0.47,10.3,6
7.3,0.24,0.29,1.2,0.037,37,97,0.9926,3.19,0.7,10.1,6
7.8,0.32,0.33,10.4,0.031,47,194,0.99692,3.07,0.58,9.6,6
6.9,0.26,0.29,4.2,0.043,33,114,0.9902,3.16,0.31,12.5,6
8.1,0.12,0.49,1.2,0.042,43,160,0.9934,3.13,0.48,9.7,6
5.0,0.31,0.0,6.4,0.046,43,166,0.994,3.3,0.63,9.9,6
7.1,0.26,0.31,2.2,0.044,29,128,0.9937,3.34,0.64,10.9,8
7.4,0.23,0.43,1.4,0.044,22,113,0.9938,3.22,0.62,10.6,6
6.7,0.11,0.26,14.8,0.053,44,95,0.99676,3.2,0.35,9.8,6
5.8,0.28,0.3,1.5,0.026,31,114,0.98952,3.32,0.6,12.5,7
7.7,0.39,0.49,7.7,0.036,11,110,0.9966,3.33,0.76,10.0,6
6.3,0.41,0.18,3.5,0.027,23,109,0.99018,3.34,0.54,12.8,8
5.3,0.16,0.39,1,0.028,40,101,0.99156,3.57,0.59,10.6,6
7.3,0.51,0.26,3.3,0.09,7,135,0.9944,3.01,0.52,8.8,5
8.5,0.19,0.56,17.3,0.055,47,169,1.00047,3.07,0.67,9.3,6
7.9,0.36,0.53,12.9,0.049,63,139,0.99792,2.94,0.45,9.1,5
7.2,0.23,0.46,6.4,0.036,17,85,0.99279,3.1,0.78,11.7,6
6.2,0.32,0.32,2.2,0.036,15,70,0.9899,3.16,0.48,12.7,6
7.4,0.16,0.27,15.5,0.05,25,135,0.9984,2.9,0.43,8.7,7
6.6,0.52,0.44,12.2,0.048,54,245,0.9975,3.26,0.54,9.3,6
6.6,0.42,0.33,2.8,0.034,15,85,0.99,3.28,0.51,13.4,6
6.9,0.19,0.35,13.5,0.038,49,118,0.99546,3.0,0.63,10.7,6
6.5,0.26,0.34,1.4,0.04,25,184,0.99216,3.29,0.46,10.7,5
7.5,0.27,0.36,7,0.036,45,164,0.9939,3.03,0.33,11.0,5
7.1,0.16,0.25,1.3,0.034,28,123,0.9915,3.27,0.55,11.4,6
6.5,0.23,0.39,1.9,0.036,41,98,0.99,3.19,0.43,11.9,7
7.3,0.34,0.39,5.2,0.04,45,163,0.9925,3.3,0.47,12.4,6
7.0,0.32,0.24,6.2,0.048,31,228,0.9957,3.23,0.62,9.4,6
6.9,0.36,0.28,13.55,0.048,51,189,0.99782,3.0,0.6,9.5,7
7.0,0.15,0.28,14.7,0.051,29,149,0.99792,2.96,0.39,9.0,7
6.0,0.27,0.26,1.3,0.038,32,138,0.99125,3.46,0.43,11.1,6
7.2,0.2,0.3,2,0.039,43,188,0.9911,3.3,0.41,12.0,6
5.8,0.22,0.3,1.1,0.047,36,131,0.992,3.26,0.45,10.4,5
8.2,0.21,0.48,1.4,0.041,11,99,0.9958,3.17,0.57,9.9,5
5.1,0.29,0.28,8.3,0.026,27,107,0.99308,3.36,0.37,11.0,6
6.5,0.23,0.36,16.3,0.038,43,133,0.99924,3.26,0.41,8.8,5
6.9,0.25,0.35,9.2,0.034,42,150,0.9947,3.21,0.36,11.5,6
6.0,0.33,0.2,1.8,0.031,49,159,0.9919,3.41,0.53,11.0,6
6.8,0.31,0.09,1.4,0.04,56,145,0.9922,3.19,0.46,10.0,5
6.4,0.27,0.19,2,0.084,21,191,0.99516,3.49,0.63,9.6,4
6.9,0.14,0.38,1,0.041,22,81,0.99043,3.03,0.54,11.4,6
5.7,0.245,0.33,1.1,0.049,28,150,0.9927,3.13,0.42,9.3,5
6.1,0.16,0.34,6.1,0.034,31,114,0.99365,3.32,0.58,10.15,7
5.2,0.36,0.02,1.6,0.031,24,104,0.9896,3.44,0.35,12.2,6
6.0,0.21,0.34,2,0.042,63,123,0.99052,3.44,0.42,11.4,6
6.8,0.51,0.3,4.2,0.066,38,165,0.9945,3.2,0.42,9.1,5
6.8,0.3,0.24,6.6,0.123,35,116,0.9953,3.07,0.48,9.4,5
6.6,0.42,0.33,2.8,0.034,15,85,0.99,3.28,0.51,13.4,6
5.6,0.695,0.06,6.8,0.042,9,84,0.99432,3.44,0.44,10.2,5
8.9,0.3,0.35,4.6,0.032,32,148,0.99458,3.15,0.45,11.5,7
6.2,0.25,0.47,11.6,0.048,62,210,0.9968,3.19,0.5,9.5,5
6.7,0.33,0.36,6.6,0.042,34,116,0.99123,2.97,0.31,12.2,8
7.0,0.24,0.3,6.7,0.039,37,125,0.99436,3.2,0.39,9.9,5
7.6,0.17,0.45,11.2,0.054,56,137,0.997,3.15,0.47,10.0,5
6.6,0.18,0.28,1.7,0.041,53,161,0.99207,3.13,0.45,10.2,6
6.5,0.29,0.53,1.7,0.04,41,192,0.9922,3.26,0.59,10.4,7
6.7,0.51,0.24,2.1,0.043,14,155,0.9904,3.22,0.6,13.0,6
7.3,0.25,0.27,3.8,0.047,16,79,0.99173,3.07,0.46,11.3,6
6.7,0.28,0.34,8.9,0.048,32,111,0.99455,3.25,0.54,11.0,7
7.2,0.27,0.37,5.4,0.026,27,114,0.99174,3.13,0.84,12.7,5
6.4,0.25,0.57,1,0.062,21,122,0.99238,3.0,0.4,9.5,5
8.2,0.24,0.3,2.3,0.05,23,106,0.99397,2.98,0.5,10.0,5
6.2,0.46,0.25,4.4,0.066,62,207,0.9939,3.25,0.52,9.8,5
5.6,0.245,0.32,1.1,0.047,24,152,0.9927,3.12,0.42,9.3,6
7.5,0.22,0.29,4.8,0.05,33,87,0.994,3.14,0.42,9.9,5
6.9,0.16,0.3,9.6,0.057,50,185,0.9978,3.39,0.38,9.6,6
7.0,0.3,0.38,14.9,0.032,60,181,0.9983,3.18,0.61,9.3,7
7.4,0.18,0.36,13.1,0.056,72,163,1,3.42,0.35,9.1,6
8.9,0.33,0.34,1.4,0.056,14,171,0.9946,3.13,0.47,9.7,5
7.0,0.25,0.45,2.3,0.045,40,118,0.99064,3.16,0.48,11.9,7
6.4,0.24,0.23,7.3,0.069,31,157,0.9962,3.25,0.53,9.1,5
7.7,0.16,0.36,5.9,0.054,25,148,0.99578,3.25,0.54,10.2,6
9.4,0.42,0.32,6.5,0.027,20,167,0.99479,3.08,0.43,10.6,5
6.6,0.25,0.41,7.4,0.043,29,151,0.9946,3.15,0.6,10.2,7
8.3,0.27,0.39,2.4,0.058,16,107,0.9955,3.28,0.59,10.3,5
6.4,0.14,0.31,1.2,0.034,53,138,0.99084,3.38,0.35,11.5,7
6.7,0.5,0.36,11.5,0.096,18,92,0.99642,3.11,0.49,9.6,5
6.3,0.17,0.32,4.2,0.04,37,117,0.99182,3.24,0.43,11.3,6
8.0,0.4,0.33,7.7,0.034,27,98,0.9935,3.18,0.41,12.2,7
6.4,0.35,0.28,1.6,0.037,31,113,0.98779,3.12,0.4,14.2,7
6.8,0.26,0.42,1.7,0.049,41,122,0.993,3.47,0.48,10.5,8
8.0,0.26,0.28,8.2,0.038,72,202,0.99566,3.12,0.56,10.0,6
7.6,0.2,0.39,2.6,0.044,30,180,0.9941,3.46,0.44,10.8,7
6.6,0.44,0.32,3,0.095,13,75,0.98954,3.1,0.63,12.8,6
6.5,0.32,0.12,11.5,0.033,35,165,0.9974,3.22,0.32,9.0,5
6.3,0.27,0.18,7.7,0.048,45,186,0.9962,3.23,0.47,9.0,5
6.7,0.16,0.32,12.5,0.035,18,156,0.99666,2.88,0.36,9.0,6
7.0,0.34,0.1,3.5,0.044,17,63,0.9937,3.01,0.39,9.2,5
7.0,0.15,0.28,14.7,0.051,29,149,0.99792,2.96,0.39,9.0,7
6.6,0.32,0.24,1.3,0.06,42.5,204,0.99512,3.59,0.51,9.2,5
7.3,0.2,0.29,19.9,0.039,69,237,1.00037,3.1,0.48,9.2,6
6.7,0.16,0.37,1.3,0.036,45,125,0.98964,3.19,0.51,12.4,7
6.9,0.35,0.55,11.95,0.038,22,111,0.99687,3.11,0.29,9.7,5
7.2,0.32,0.33,1.4,0.029,29,109,0.9902,3.15,0.51,12.8,7
6.6,0.37,0.24,2,0.064,23,120,0.9946,3.32,0.54,9.4,5
6.6,0.27,0.49,7.8,0.049,62,217,0.9959,3.17,0.45,9.4,6
6.0,0.24,0.41,1.3,0.036,42,118,0.99018,3.04,0.64,11.75,6
6.8,0.19,0.58,14.2,0.038,51,164,0.9975,3.12,0.48,9.6,6
6.4,0.15,0.29,1.8,0.044,21,115,0.99166,3.1,0.38,10.2,5
6.5,0.5,0.22,4.1,0.036,35,131,0.9902,3.26,0.55,13.0,7
8.7,0.23,0.32,13.4,0.044,35,169,0.99975,3.12,0.47,8.8,7
7.4,0.22,0.28,9,0.046,22,121,0.99468,3.1,0.55,10.8,5
7.0,0.29,0.26,1.6,0.044,12,87,0.9923,3.08,0.46,10.5,6
7.6,0.31,0.29,10.5,0.04,21,145,0.9966,3.04,0.35,9.4,5
7.3,0.29,0.3,13,0.043,46,238,0.9986,3.06,0.41,8.7,6
7.9,0.3,0.27,8.5,0.036,20,112,0.9939,2.96,0.46,11.7,6
6.8,0.28,0.43,7.6,0.03,30,110,0.99164,3.08,0.59,12.5,8
9.8,0.25,0.74,10,0.056,36,225,0.9977,3.06,0.43,10.0,4
7.1,0.28,0.19,7.8,0.04,48,184,0.99579,3.16,0.5,9.4,5
5.4,0.18,0.24,4.8,0.041,30,113,0.99445,3.42,0.4,9.4,6
6.5,0.28,0.35,15.4,0.042,55,195,0.9978,3.23,0.5,9.6,6
7.0,0.16,0.3,2.6,0.043,34,90,0.99047,2.88,0.47,11.2,6
5.7,0.22,0.2,16,0.044,41,113,0.99862,3.22,0.46,8.9,6
7.0,0.36,0.35,2.5,0.048,67,161,0.99146,3.05,0.56,11.1,6
7.5,0.23,0.29,2.6,0.031,24,98,0.99194,3.0,0.54,10.9,6
6.5,0.36,0.36,6.7,0.185,51.5,151,0.99528,3.17,0.42,9.3,5
6.4,0.29,0.3,6.5,0.209,62,156,0.99478,3.1,0.4,9.4,5
6.7,0.18,0.28,10.2,0.039,29,115,0.99469,3.11,0.45,10.9,7
7.1,0.29,0.34,7.8,0.036,49,128,0.99397,3.21,0.4,10.7,6
7.4,0.25,0.37,2.6,0.05,24,132,0.99138,3.04,0.53,11.2,6
6.7,0.22,0.37,1.6,0.028,24,102,0.9913,3.29,0.59,11.6,7
6.9,0.2,0.28,1.2,0.048,36,159,0.9936,3.19,0.43,9.1,6
6.6,0.15,0.32,6,0.033,59,128,0.99192,3.19,0.71,12.1,8
6.4,0.2,0.32,3.1,0.041,18,126,0.9914,3.43,0.42,12.0,6
7.8,0.2,0.24,1.6,0.026,26,189,0.991,3.08,0.74,12.1,7
6.1,0.27,0.31,3.9,0.034,42,137,0.99218,3.24,0.46,10.9,6
6.8,0.31,0.3,8,0.028,33,122,0.99164,3.13,0.63,12.6,7
